{"speaker": "Don_Final", "centroid": [-255.84701538085938, 95.72746276855469, 16.586551666259766, 13.404306411743164, -10.114770889282227, 6.0829033851623535, -17.32866859436035, 4.319794178009033, -10.421340942382812, -7.719236850738525, 5.6600728034973145, -2.111567974090576, 4.223006725311279, 101.234619140625, 46.01789093017578, 27.926870346069336, 23.900936126708984, 20.306293487548828, 13.533650398254395, 13.366724967956543, 10.98979377746582, 10.519418716430664, 9.600334167480469, 10.272128105163574, 7.351141452789307, 8.47988224029541, 0.865532398223877, 0.3330146372318268, 0.08945216238498688, 0.09863074868917465, 0.04271428659558296, 0.024912049993872643, -0.010308313183486462, 0.022330112755298615, -0.0011989895720034838, 0.005019948352128267, 0.02681412734091282, -0.0013042934006080031, -0.003150475677102804], "n_samples": 5}