{"speaker": "Rhett_Final", "centroid": [-284.80419921875, 103.04737854003906, 5.667149543762207, 38.72929000854492, -19.71523094177246, 10.823371887207031, -15.40868091583252, 2.348784923553467, -7.005576133728027, -4.360487937927246, 3.612078905105591, -3.355764389038086, -3.000962018966675, 109.62162780761719, 42.91183090209961, 28.607086181640625, 26.6890869140625, 20.961763381958008, 11.207490921020508, 13.731855392456055, 10.392321586608887, 10.412909507751465, 10.485879898071289, 9.133790969848633, 7.485601902008057, 7.674084663391113, 1.191853404045105, 0.47025221586227417, 0.059665948152542114, 0.11660490185022354, 0.003665788099169731, 0.0461757555603981, -0.04255790263414383, 0.05934605747461319, -0.052603356540203094, 0.03441983833909035, 0.001535977004095912, -0.004176505841314793, -0.011074929498136044], "n_samples": 5}